user_id,username,password
1,user,123456
2,abc,123456
3,user1,123456
4,user2,123456
5,user3,123456
6,user4,123456
7,user7,123456
8,user8,123456
9,user9,123456
10,user10,123456
11,user11,123456
12,user12,123456
13,user13,123456
14,user14,123456
15,user15,123456
16,user16,123456
17,user17,123456
18,user18,123456
19,user19,123456
20,user20,123456
21,user21,123456
22,user22,123456
23,user23,123456
24,user24,123456
25,user25,123456
26,user26,123456
27,user27,123456
28,user28,123456
29,user29,123456
30,user30,123456
31,user31,123456
32,user32,123456
33,user33,123456
34,user34,123456
35,user35,123456
36,user36,123456
37,user37,123456
38,user38,123456
39,user39,123456
40,user40,123456
41,user41,123456
42,user42,123456
43,user43,123456
44,user44,123456
45,user45,123456
46,user46,123456
47,user47,123456
48,user48,123456
49,user49,123456
50,user50,123456
51,user51,123456
52,user52,123456
53,user53,123456
54,user54,123456
55,user55,123456
56,user56,123456
57,user57,123456
58,user58,123456
59,user59,123456
60,user60,123456
61,user61,123456
62,user62,123456
63,user63,123456
64,user64,123456
65,user65,123456
66,user66,123456
67,user67,123456
68,user68,123456
69,user69,123456
70,user70,123456
71,user71,123456
72,user72,123456
73,user73,123456
74,user74,123456
75,user75,123456
76,user76,123456
77,user77,123456
78,user78,123456
79,user79,123456
80,user80,123456
81,user81,123456
82,user82,123456
83,user83,123456
84,user84,123456
85,user85,123456
86,user86,123456
87,user87,123456
88,user88,123456
89,user89,123456
90,user90,123456
91,user91,123456
92,user92,123456
93,user93,123456
94,user94,123456
95,user95,123456
96,user96,123456
97,user97,123456
98,user98,123456
99,user99,123456
100,user100,123456
101,user101,123456
102,user102,123456
103,user103,123456
104,user104,123456
105,user105,123456
106,user106,123456
107,user107,123456
108,user108,123456
109,user109,123456
110,user110,123456
111,user111,123456
112,user112,123456
113,user113,123456
114,user114,123456
115,user115,123456
116,user116,123456
117,user117,123456
118,user118,123456
119,user119,123456
120,user120,123456
121,user121,123456
122,user122,123456
123,user123,123456
124,user124,123456
125,user125,123456
126,user126,123456
127,user127,123456
128,user128,123456
129,user129,123456
130,user130,123456
131,user131,123456
132,user132,123456
133,user133,123456
134,user134,123456
135,user135,123456
136,user136,123456
137,user137,123456
138,user138,123456
139,user139,123456
140,user140,123456
141,user141,123456
142,user142,123456
143,user143,123456
144,user144,123456
145,user145,123456
146,user146,123456
147,user147,123456
148,user148,123456
149,user149,123456
150,user150,123456
151,user151,123456
152,user152,123456
153,user153,123456
154,user154,123456
155,user155,123456
156,user156,123456
157,user157,123456
158,user158,123456
159,user159,123456
160,user160,123456
161,user161,123456
162,user162,123456
163,user163,123456
164,user164,123456
165,user165,123456
166,user166,123456
167,user167,123456
168,user168,123456
169,user169,123456
170,user170,123456
171,user171,123456
172,user172,123456
173,user173,123456
174,user174,123456
175,user175,123456
176,user176,123456
177,user177,123456
178,user178,123456
179,user179,123456
180,user180,123456
181,user181,123456
182,user182,123456
183,user183,123456
184,user184,123456
185,user185,123456
186,user186,123456
187,user187,123456
188,user188,123456
189,user189,123456
190,user190,123456
191,user191,123456
192,user192,123456
193,user193,123456
194,user194,123456
195,user195,123456
196,user196,123456
197,user197,123456
198,user198,123456
199,user199,123456
200,user200,123456
